Cycle Settlement Date,BATS-Symbol,Security Name,# Shares Net Short Current Cycle,# Shares Net Short Previous Cycle,Cycle Avg Daily Trade Vol,Min # of Trade Days To Cover Shorts,"Split Indicator (""S"" or null)","Manual Revision Indicator (""R"" or null)",Percent Change in Short Position,Change in Short Position From Previous
20210615,ACIO,Aptus Collared Income Opportun,30253,22612,23378,1.29,,R,33.79,7641
20210615,ACSI,American Customer Satisfaction,231,748,577,1,,R,-69.12,-517
20210615,ACWV,iShares MSCI Global Min Vol Fa,390954,577518,156717,2.49,,,-32.3,-186564
20210615,ADFI,Anfield Dynamic Fixed Income E,86,6729,16885,1,,R,-98.72,-6643
20210615,ADME,Aptus Behavioral Momentum ETF,4865,8021,19606,1,,R,-39.35,-3156
20210615,AESR,Anfield U.S. Equity Sector Rot,5022,8199,37088,1,,,-38.75,-3177
20210615,AFIF,Anfield Universal Fixed Income,22533,32208,73462,1,,,-30.04,-9675
20210615,AGT,iShares MSCI Argentina and Glo,432,64,9226,1,,R,575,368
20210615,ALFA,AlphaClone Alternative Alpha E,2729,304,1679,1.63,,,797.7,2425
20210615,ALTS,ProShares Morningstar Alternat,2732,3037,418,6.54,,,-10.04,-305
20210615,ARCM,Arrow Reserve Capital Manageme,2045,2035,416,4.92,,R,0.49,10
20210615,ARKG,ARK Genomic Revolution ETF,7271586,9528179,2776516,2.62,,R,-23.68,-2256593
20210615,ARKQ,ARK Autonomous Technology & Ro,551230,567916,317618,1.74,,R,-2.94,-16686
20210615,ARKX,ARK Space Exploration & Innova,483601,498605,378286,1.28,,R,-3.01,-15004
20210615,ATMP,iPath Select MLP ETN,15164,9043,18879,1,,,67.69,6121
20210615,AUGZ,TrueShares Structured Outcome,196,230,74,2.65,,,-14.78,-34
20210615,AVDG,AVDR US LargeCap ESG ETF,0,1800,926,0,,R,-100,-1800
20210615,AVDR,AVDR US LargeCap Leading ETF,1140,12195,2382,1,,R,-90.65,-11055
20210615,BAPR,Innovator S&P 500 Buffer ETF -,18755,8677,11311,1.66,,R,116.15,10078
20210615,BAUG,Innovator S&P 500 Buffer ETF -,200,1178,5113,1,,R,-83.02,-978
20210615,BBAX,JPMorgan BetaBuilders Develope,52333,149461,100699,1,,,-64.99,-97128
20210615,BBCA,JPMorgan BetaBuilders Canada E,25175,10116,129674,1,,,148.86,15059
20210615,BBEU,JPMorgan BetaBuilders Europe E,92090,214297,435407,1,,R,-57.03,-122207
20210615,BBIN,JPMorgan BetaBuilders Internat,283604,332689,109201,2.6,,R,-14.75,-49085
20210615,BBJP,JPMorgan BetaBuilders Japan ET,154389,502916,413578,1,,R,-69.3,-348527
20210615,BBRE,JPMorgan BetaBuilders MSCI U.S,7357,2751,53731,1,,,167.43,4606
20210615,BBSA,JPMorgan BetaBuilders 1-5 Year,182,1169,4115,1,,,-84.43,-987
20210615,BBUS,JPMorgan BetaBuilders U.S. Equ,7062,3027,35238,1,,,133.3,4035
20210615,BDEC,Innovator S&P 500 Buffer ETF -,7362,8600,10726,1,,R,-14.4,-1238
20210615,BFEB,Innovator S&P 500 Buffer ETF -,4473,3218,4446,1.01,,,39,1255
20210615,BGLD,FT Cboe Vest Gold Strategy Qua,7967,8159,2248,3.54,,,-2.35,-192
20210615,BJAN,Innovator S&P 500 Buffer ETF -,19249,44140,11248,1.71,,R,-56.39,-24891
20210615,BJUL,Innovator S&P 500 Buffer ETF -,311,1133,7998,1,,,-72.55,-822
20210615,BJUN,Innovator S&P 500 Buffer ETF -,45910,8645,125674,1,,R,431.06,37265
20210615,BLDG,Cambria Global Real Estate ETF,522,776,695,1,,,-32.73,-254
20210615,BMAR,Innovator S&P 500 Buffer ETF -,7606,12571,2573,2.96,,,-39.5,-4965
20210615,BMAY,Innovator S&P 500 Buffer ETF -,47226,45496,17619,2.68,,,3.8,1730
20210615,BNOV,Innovator S&P 500 Buffer ETF -,316,1076,2335,1,,,-70.63,-760
20210615,BOB,Merlyn.AI Best-of-Breed Core M,669,4017,3658,1,,,-83.35,-3348
20210615,BOCT,Innovator S&P 500 Buffer ETF -,2731,3310,9754,1,,R,-17.49,-579
20210615,BOSS,Global X Founder-Run Companies,1020,2554,3426,1,,R,-60.06,-1534
20210615,BSEP,Innovator S&P 500 Buffer ETF -,2394,7490,33009,1,,,-68.04,-5096
20210615,BUFD,FT Cboe Vest Fund of Deep Buff,78603,22023,126753,1,,,256.91,56580
20210615,BUFF,Innovator Laddered Fund of S&P,2209,3445,9131,1,,,-35.88,-1236
20210615,BUFR,FT Cboe Vest Fund of Buffer ET,30436,65352,94078,1,,,-53.43,-34916
20210615,BUYZ,Franklin Disruptive Commerce E,54,300,3441,1,,,-82,-246
20210615,CALF,Pacer US Small Cap Cash Cows 1,87143,14076,77622,1.12,,,519.09,73067
20210615,CBOE,Cboe Global Markets Inc.,1319936,1795430,498566,2.65,,R,-26.48,-475494
20210615,CBTG,Cabot Growth ETF,48,30,3178,1,,,60,18
20210615,CEFS,Saba Closed-End Funds ETF,60916,3570,12763,4.77,,,1606.33,57346
20210615,CEMB,iShares J.P. Morgan EM Corpora,9238,4020,91360,1,,,129.8,5218
20210615,CFCV,ClearBridge Focus Value ETF,2,32,728,1,,,-93.75,-30
20210615,CNYA,iShares MSCI China A ETF,108384,397343,109492,1,,,-72.72,-288959
20210615,COWZ,Pacer US Cash Cows 100 ETF,53001,50594,153897,1,,,4.76,2407
20210615,CSM,ProShares Large Cap Core Plus,3232,1848,8556,1,,,74.89,1384
20210615,DALT,Anfield Capital Diversified Al,88038,13446,20099,4.38,,,554.75,74592
20210615,DAPR,FT Cboe Vest U.S. Equity Deep,55712,22670,41514,1.34,,,145.75,33042
20210615,DAUG,FT Cboe Vest U.S. Equity Deep,3005,9543,18180,1,,R,-68.51,-6538
20210615,DBJA,Innovator Double Stacker 9 Buf,14450,6508,1009,14.32,,R,122.03,7942
20210615,DBOC,Innovator Double Stacker 9 Buf,998,2305,2661,1,,R,-56.7,-1307
20210615,DDEC,FT Cboe Vest U.S. Equity Deep,31483,9294,29582,1.06,,,238.75,22189
20210615,DDLS,WisdomTree Dynamic Currency He,259,1817,3374,1,,,-85.75,-1558
20210615,DDWM,WisdomTree Dynamic Currency He,4563,10738,8683,1,,R,-57.51,-6175
20210615,DECZ,TrueShares Structured Outcome,1,1,1759,1,,,0,0
20210615,DEFA,iShares Adaptive Currency Hedg,435,1473,1315,1,,,-70.47,-1038
20210615,DEFN,Emles Protective Allocation ET,21,12,274,1,,,75,9
20210615,DFEB,FT Cboe Vest U.S. Equity Deep,35482,31012,33482,1.06,,,14.41,4470
20210615,DFHY,TrimTabs Donoghue Forlines Tac,2394,0,7092,1,,,100,2394
20210615,DFND,Siren DIVCON Dividend Defender,932,144,4328,1,,R,547.22,788
20210615,DFNL,Davis Select Financial ETF,16320,8595,14767,1.11,,R,89.88,7725
20210615,DFNV,TrimTabs Donoghue Forlines Ris,796,29,4562,1,,,2644.83,767
20210615,DFVL,iPath US Treasury 5-year Bull,20,20,1,20,,,0,0
20210615,DFVS,iPath US Treasury 5-year Bear,17500,10632,1608,10.88,,,64.6,6868
20210615,DINT,Davis Select International ETF,21059,10895,27198,1,,R,93.29,10164
20210615,DIVB,iShares U.S. Dividend and Buyb,15708,22340,24665,1,,R,-29.69,-6632
20210615,DJAN,FT Cboe Vest U.S. Equity Deep,33010,0,33335,1,,,100,33010
20210615,DJUL,FT Cboe Vest U.S. Equity Deep,27964,100,26143,1.07,,,27864,27864
20210615,DJUN,FT Cboe Vest U.S. Equity Deep,46289,0,35196,1.32,,,100,46289
20210615,DMAR,FT Cboe Vest U.S. Equity Deep,24469,1990,25613,1,,,1129.6,22479
20210615,DMAY,FT Cboe Vest U.S. Equity Deep,19590,36165,69464,1,,R,-45.83,-16575
20210615,DNOV,FT Cboe Vest U.S. Equity Deep,7599,12371,14988,1,,,-38.57,-4772
20210615,DOCT,FT Cboe Vest U.S. Equity Deep,49399,21548,29666,1.67,,,129.25,27851
20210615,DRSK,Aptus Defined Risk ETF,92785,129608,110466,1,,,-28.41,-36823
20210615,DSEP,FT Cboe Vest U.S. Equity Deep,9631,4671,25794,1,,,106.19,4960
20210615,DSJA,Innovator Double Stacker ETF -,10273,7928,686,14.98,,,29.58,2345
20210615,DSOC,Innovator Double Stacker ETF -,2129,3810,774,2.75,,R,-44.12,-1681
20210615,DUDE,Merlyn.AI SectorSurfer Momentu,11178,3982,23127,1,,,180.71,7196
20210615,DURA,VanEck Vectors Morningstar Dur,15715,9842,3498,4.49,,R,59.67,5873
20210615,DUSA,Davis Select U.S. Equity ETF,7863,2824,18554,1,,,178.43,5039
20210615,DWLD,Davis Select Worldwide ETF,17036,152138,33920,1,,,-88.8,-135102
20210615,EAOA,iShares ESG Aware Aggressive A,138,125,769,1,,,10.4,13
20210615,EAOK,iShares ESG Aware Conservative,107,0,1211,1,,,100,107
20210615,EAOM,iShares ESG Aware Moderate All,295,4,364,1,,,7275,291
20210615,EAOR,iShares ESG Aware Growth Alloc,99,99,733,1,,,0,0
20210615,ECH,iShares MSCI Chile ETF,1924091,1578747,598196,3.22,,,21.87,345344
20210615,EDEN,iShares MSCI Denmark ETF,6207,4783,11811,1,,,29.77,1424
20210615,EEMV,iShares MSCI Emerging Markets,561549,339892,183071,3.07,,,65.21,221657
20210615,EFAD,ProShares MSCI EAFE Dividend G,7163,9601,4827,1.48,,R,-25.39,-2438
20210615,EFAV,iShares MSCI EAFE Min Vol Fact,100465,412363,445770,1,,,-75.64,-311898
20210615,EFG,iShares MSCI EAFE Growth ETF,417066,348412,329884,1.26,,R,19.7,68654
20210615,EFNL,iShares MSCI Finland ETF,5585,10064,4586,1.22,,,-44.51,-4479
20210615,EFV,iShares MSCI EAFE Value ETF,1820654,6315015,2375467,1,,R,-71.17,-4494361
20210615,EGIS,2ndVote Society Defended ETF,11927,9216,6243,1.91,,,29.42,2711
20210615,EMDV,ProShares MSCI Emerging Market,1689,923,881,1.92,,,82.99,766
20210615,EMGF,iShares MSCI Emerging Markets,56319,13115,33790,1.67,,,329.42,43204
20210615,EMHY,iShares J.P. Morgan EM High Yi,131415,90053,63733,2.06,,R,45.93,41362
20210615,EMSH,ProShares Short Term USD Emerg,2737,2695,93,29.43,,,1.56,42
20210615,EMTL,SPDR DoubleLine Emerging Marke,7656,11267,51850,1,,R,-32.05,-3611
20210615,ENOR,iShares MSCI Norway ETF,678,872,10320,1,,,-22.25,-194
20210615,EOPS,Emles Alpha Opportunities ETF,454,0,227853,1,,,100,454
20210615,EPRF,Innovator S&P Investment Grade,425,9590,62350,1,,,-95.57,-9165
20210615,ESCR,Xtrackers Bloomberg Barclays U,1,1,109,1,,,0,0
20210615,ESEB,Xtrackers J.P. Morgan ESG Emer,457,332,1199,1,,,37.65,125
20210615,ESG,FlexShares STOXX US ESG Select,778,828,2238,1,,,-6.04,-50
20210615,ESGG,FlexShares STOXX Global ESG Se,909,5622,1082,1,,,-83.83,-4713
20210615,ESGV,Vanguard ESG U.S. Stock ETF,169002,4381,235529,1,,R,3757.61,164621
20210615,ESHY,Xtrackers J.P. Morgan ESG USD,130,139,17845,1,,,-6.47,-9
20210615,ESML,iShares ESG Aware MSCI USA Sma,150095,114294,99299,1.51,,R,31.32,35801
20210615,EUCG,Euclid Capital Growth ETF,16847,10359,4853,3.47,,R,62.63,6488
20210615,EUDV,ProShares MSCI Europe Dividend,239,4301,503,1,,,-94.44,-4062
20210615,EURZ,Xtrackers Eurozone Equity ETF,41,146,434,1,,,-71.92,-105
20210615,EWGS,iShares MSCI Germany Small-Cap,4807,3502,1597,3.01,,R,37.26,1305
20210615,EWUS,iShares MSCI United Kingdom Sm,58745,44945,20219,2.91,,R,30.7,13800
20210615,EYLD,Cambria Emerging Shareholder Y,23048,18055,4753,4.85,,R,27.65,4993
20210615,EZU,iShare MSCI Eurozone ETF of IS,5790672,5430950,5858901,1,,R,6.62,359722
20210615,FAIL,Cambria Global Tail Risk ETF,190,56,324,1,,R,239.29,134
20210615,FAPR,FT Cboe Vest U.S. Equity Buffe,32521,37744,89055,1,,,-13.84,-5223
20210615,FAUG,FT Cboe Vest U.S. Equity Buffe,18599,5286,15604,1.19,,R,251.85,13313
20210615,FBCG,Fidelity Blue Chip Growth ETF,33141,70951,81449,1,,R,-53.29,-37810
20210615,FBCV,Fidelity Blue Chip Value ETF,13522,15910,40718,1,,,-15.01,-2388
20210615,FCPI,Fidelity Stocks for Inflation,14467,7373,25570,1,,,96.22,7094
20210615,FCTR,First Trust Lunt U.S. Factor R,127791,112462,43616,2.93,,,13.63,15329
20210615,FDEC,FT Cboe Vest U.S. Equity Buffe,12298,2095,58803,1,,,487.02,10203
20210615,FDEM,Fidelity Emerging Markets Mult,329,378,2557,1,,,-12.96,-49
20210615,FDEV,Fidelity International Multifa,1859,2060,2136,1,,,-9.76,-201
20210615,FDG,American Century Focused Dynam,59809,6947,44186,1.35,,R,760.93,52862
20210615,FEDX,Emles Federal Contractors ETF,1191,1262,615,1.94,,R,-5.63,-71
20210615,FFEB,FT Cboe Vest U.S. Equity Buffe,10964,34325,36482,1,,,-68.06,-23361
20210615,FFSG,FormulaFolios Smart Growth ETF,6921,4259,4542,1.52,,,62.5,2662
20210615,FFTG,FormulaFolios Tactical Growth,1383,3366,5321,1,,R,-58.91,-1983
20210615,FFTI,FormulaFolios Tactical Income,5403,844,29532,1,,,540.17,4559
20210615,FGRO,Fidelity Growth Opportunities,16352,21557,35053,1,,R,-24.15,-5205
20210615,FIBR,iShares U.S. Fixed Income Bala,4948,11963,5206,1,,R,-58.64,-7015
20210615,FJAN,FT Cboe Vest U.S. Equity Buffe,29252,18883,63697,1,,,54.91,10369
20210615,FJUL,FT Cboe Vest U.S. Equity Buffe,14133,2624,48063,1,,,438.61,11509
20210615,FJUN,FT Cboe Vest U.S. Equity Buffe,24064,1111,50785,1,,,2065.98,22953
20210615,FLBL,Franklin Liberty Senior Loan E,5233,897,2379,2.2,,,483.39,4336
20210615,FLDR,Fidelity Low Duration Bond Fac,46293,2846,19007,2.44,,,1526.6,43447
20210615,FLHY,Franklin Liberty High Yield Co,2814,695,9133,1,,,304.89,2119
20210615,FLIA,Franklin Liberty International,512,513,886,1,,,-0.19,-1
20210615,FLOT,iShares Floating Rate Bond ETF,897619,336628,759039,1.18,,R,166.65,560991
20210615,FLQL,Franklin LibertyQ U.S. Equity,28241,15311,33366,1,,,84.45,12930
20210615,FLQM,Franklin LibertyQ U.S. Mid Cap,2237,2100,6134,1,,,6.52,137
20210615,FLQS,Franklin LibertyQ U.S. Small C,7916,7680,499,15.86,,,3.07,236
20210615,FLV,American Century Focused Large,7120,6456,5904,1.21,,R,10.29,664
20210615,FMAG,Fidelity Magellan ETF,92497,9609,22527,4.11,,R,862.61,82888
20210615,FMAR,FT Cboe Vest U.S. Equity Buffe,24408,15395,54468,1,,,58.54,9013
20210615,FMAY,FT Cboe Vest U.S. Equity Buffe,170661,26472,88821,1.92,,R,544.68,144189
20210615,FMIL,Fidelity New Millennium ETF,4496,3061,28855,1,,,46.88,1435
20210615,FNOV,FT Cboe Vest U.S. Equity Buffe,1116,8422,39464,1,,R,-86.75,-7306
20210615,FOCT,FT Cboe Vest U.S. Equity Buffe,21260,0,51363,1,,,100,21260
20210615,FOMO,FOMO ETF,14837,24108,24204,1,,R,-38.46,-9271
20210615,FPRO,Fidelity Real Estate Investmen,25429,8168,26127,1,,R,211.32,17261
20210615,FRDM,Freedom 100 Emerging Markets E,6243,5810,7043,1,,,7.45,433
20210615,FSEP,FT Cboe Vest U.S. Equity Buffe,10190,0,51060,1,,,100,10190
20210615,FSMO,Fidelity Small-Mid Cap Opportu,5218,7479,14856,1,,R,-30.23,-2261
20210615,FUNL,CornerCap Fundametrics Large-C,398,503,3126,1,,,-20.87,-105
20210615,FUT,ProShares Managed Futures Stra,2571,3389,627,4.1,,R,-24.14,-818
20210615,FYLD,Cambria Foreign Shareholder Yi,15619,25398,17159,1,,R,-38.5,-9779
20210615,GAA,Cambria Global Asset Allocatio,27607,19699,3304,8.36,,R,40.14,7908
20210615,GCOW,Pacer Global Cash Cows Dividen,5051,5179,9129,1,,R,-2.47,-128
20210615,GHYG,iShares US & Intl High Yield C,8014,48740,9318,1,,R,-83.56,-40726
20210615,GLDB,Strategy Shares Gold-Hedged Bo,1734,45,8621,1,,,3753.33,1689
20210615,GMOM,Cambria Global Momentum ETF,4843,874,4831,1,,R,454.12,3969
20210615,GOAT,VanEck Vectors Morningstar Glo,432,475,1470,1,,,-9.05,-43
20210615,GOVT,iShares U.S. Treasury Bond ETF,526439,1081436,3275975,1,,R,-51.32,-554997
20210615,GOVZ,iShares 25+ Year Treasury STRI,19502,7535,6264,3.11,,,158.82,11967
20210615,GSEE,Goldman Sachs MarketBeta Emerg,1,1,23,1,,,0,0
20210615,GSEW,Goldman Sachs Equal Weight U.S,7130,37737,53421,1,,R,-81.11,-30607
20210615,GSST,Goldman Sachs Access Ultra Sho,1549,720,31850,1,,,115.14,829
20210615,GSUS,Goldman Sachs MarketBeta U.S.,1461,1723,5110,1,,,-15.21,-262
20210615,GTIP,Goldman Sachs Access Inflation,6597,2306,18916,1,,,186.08,4291
20210615,GVAL,Cambria Global Value ETF,11380,7269,12307,1,,,56.56,4111
20210615,GVI,iShares Intermediate Governmen,18384,21193,56733,1,,,-13.25,-2809
20210615,HCRB,Hartford Core Bond ETF,710,326,1298,1,,,117.79,384
20210615,HEEM,iShares Currency Hedged MSCI E,9669,26034,24671,1,,R,-62.86,-16365
20210615,HEFA,iShares Currency Hedged MSCI E,36140,104963,316431,1,,,-65.57,-68823
20210615,HEGD,Swan Hedged Equity US Large Ca,10058,7805,51218,1,,,28.87,2253
20210615,HELX,Franklin Genomic Advancements,603,1017,2037,1,,R,-40.71,-414
20210615,HSRT,Hartford Short Duration ETF,5390,1470,5339,1.01,,,266.67,3920
20210615,HYD,VanEck Vectors High Yield Muni,1172837,1525285,563927,2.08,,R,-23.11,-352448
20210615,HYDB,iShares High Yield Bond Factor,36838,18775,27737,1.33,,,96.21,18063
20210615,HYHG,ProShares High Yield-Interest,8670,2813,9277,1,,,208.21,5857
20210615,HYIN,WisdomTree Alternative Income,31783,1769,19424,1.64,,,1696.66,30014
20210615,HYMU,BlackRock High Yield Muni Inco,240,2250,1444,1,,,-89.33,-2010
20210615,HYXU,iShares Global ex USD High Yie,4140,22137,33389,1,,,-81.3,-17997
20210615,IAGG,iShares Core International Agg,731581,204317,564952,1.29,,R,258.06,527264
20210615,IAUF,iShares Gold Strategy ETF,509,2103,4308,1,,,-75.8,-1594
20210615,IBHA,iShares iBonds 2021 Term High,5375,3479,8057,1,,,54.5,1896
20210615,IBHB,iShares iBonds 2022 Term High,13646,2751,14575,1,,,396.04,10895
20210615,IBHC,iShares iBonds 2023 Term High,12116,1541,19052,1,,,686.24,10575
20210615,IBHD,iShares iBonds 2024 Term High,23314,6792,13587,1.72,,,243.26,16522
20210615,IBHE,iShares iBonds 2025 Term High,14951,3899,14094,1.06,,,283.46,11052
20210615,IBHF,iShares iBonds 2026 Term High,1223,1086,2977,1,,,12.62,137
20210615,IBML,iShares iBonds Dec 2023 Term M,742,4133,45241,1,,,-82.05,-3391
20210615,IBMM,iShares iBonds Dec 2024 Term M,34462,10717,27836,1.24,,,221.56,23745
20210615,IBMN,iShares iBonds Dec 2025 Term M,8674,8180,20697,1,,,6.04,494
20210615,IBMO,iShares iBonds Dec 2026 Term M,8466,3112,18509,1,,R,172.04,5354
20210615,IBMP,iShares iBonds Dec 2027 Term M,1277,11137,19933,1,,,-88.53,-9860
20210615,IBMQ,iShares iBonds Dec 2028 Term M,1442,3367,6687,1,,,-57.17,-1925
20210615,ICF,iShares Cohen & Steers REIT ET,290765,283715,117848,2.47,,R,2.48,7050
20210615,ICOW,Pacer Developed Markets Intern,7293,5320,8170,1,,R,37.09,1973
20210615,ICSH,BlackRock Ultra Short-Term Bon,324026,19528,651442,1,,R,1559.29,304498
20210615,ICVT,iShares Convertible Bond ETF,54221,15554,235859,1,,R,248.6,38667
20210615,IDHD,Invesco S&P International Deve,9705,14831,1739,5.58,,,-34.56,-5126
20210615,IDV,iShares International Select D,281215,570895,610042,1,,,-50.74,-289680
20210615,IECS,iShares Evolved U.S. Consumer,66,86,3229,1,,,-23.26,-20
20210615,IEDI,iShares Evolved U.S. Consumer,1533,2134,8396,1,,R,-28.16,-601
20210615,IEFA,iShares Core MSCI EAFE ETF,1714912,10541657,6509311,1,,R,-83.73,-8826745
20210615,IEFN,iShares Evolved U.S. Financial,2474,3773,2275,1.09,,,-34.43,-1299
20210615,IEHS,iShares Evolved U.S. Healthcar,917,1251,5289,1,,R,-26.7,-334
20210615,IEME,iShares Evolved U.S. Media and,129,336,11136,1,,,-61.61,-207
20210615,IEO,iShares U.S. Oil & Gas Explora,69527,79079,110838,1,,R,-12.08,-9552
20210615,IETC,iShares Evolved U.S. Technolog,16947,10555,15145,1.12,,R,60.56,6392
20210615,IFRA,iShares U.S. Infrastructure ET,41011,18505,210710,1,,R,121.62,22506
20210615,IGE,iShares North American Natural,154337,138088,169751,1,,R,11.77,16249
20210615,IGEB,iShares Investment Grade Bond,997,671,6976,1,,,48.58,326
20210615,IGHG,ProShares Investment Grade-Int,105489,47538,172514,1,,,121.9,57951
20210615,IGLD,FT Cboe Vest Gold Strategy Tar,8277,34859,3455,2.4,,R,-76.26,-26582
20210615,IGRO,iShares International Dividend,6500,10348,33266,1,,R,-37.19,-3848
20210615,IGV,iShares Expanded Tech-Software,6514476,6966929,817210,7.97,,,-6.49,-452453
20210615,IMFL,Invesco International Develope,1633,942,659,2.48,,,73.35,691
20210615,IMLP,iPath S&P MLP ETN,4401,3832,1214,3.63,,,14.85,569
20210615,IMOM,Alpha Architect International,9056,5024,6695,1.35,,,80.25,4032
20210615,INDA,iShares MSCI India ETF,8623723,10982901,2856341,3.02,,R,-21.48,-2359178
20210615,IPFF,iShares International Preferre,23662,208862,66586,1,,R,-88.67,-185200
20210615,IQDG,WisdomTree International Quali,39809,64351,25088,1.59,,R,-38.14,-24542
20210615,IQM,Franklin Intelligent Machines,209,509,813,1,,R,-58.94,-300
20210615,ISVL,iShares International Develope,3245,5786,4679,1,,,-43.92,-2541
20210615,ITA,iShares U.S. Aerospace & Defen,118946,60276,180224,1,,,97.34,58670
20210615,ITB,iShares U.S. Home Construction,9374228,7044594,2650288,3.54,,R,33.07,2329634
20210615,ITM,VanEck Vectors Intermediate Mu,173876,275369,93651,1.86,,R,-36.86,-101493
20210615,IVAL,Alpha Architect International,6159,56487,14936,1,,,-89.1,-50328
20210615,IVDG,Invesco Focused Discovery Grow,1915,1624,779,2.46,,,17.92,291
20210615,IVLC,Invesco US Large Cap Core ESG,1521,266,1049,1.45,,,471.8,1255
20210615,IVRA,Invesco Real Assets ESG ETF,174,1723,3917,1,,,-89.9,-1549
20210615,IYJ,iShares U.S. Industrials ETF,100238,98355,61931,1.62,,R,1.91,1883
20210615,IYLD,iShares Morningstar Multi-Asse,1829,15289,28998,1,,R,-88.04,-13460
20210615,IYT,iShares Transportation Average,463816,396240,299274,1.55,,,17.05,67576
20210615,IYZ,iShares U.S. Telecommunication,1352632,1479961,199646,6.78,,R,-8.6,-127329
20210615,IZRL,ARK Israel Innovative Technolo,496863,496147,113352,4.38,,,0.14,716
20210615,JANZ,TrueShares Structured Outcome,1,0,4,1,,,100,1
20210615,JCPB,JPMorgan Core Plus Bond ETF,12430,26728,16171,1,,,-53.49,-14298
20210615,JEMA,JPMorgan Emerging Markets Equi,2418,14653,7691,1,,R,-83.5,-12235
20210615,JMST,JPMorgan Ultra-Short Municipal,25914,105503,331652,1,,,-75.44,-79589
20210615,JMUB,JPMorgan Municipal ETF,20187,7104,7896,2.56,,,184.16,13083
20210615,JPHY,JPMorgan Research Enhanced Hig,12885,6265,25316,1,,,105.67,6620
20210615,JPIB,JPMorgan International Bond Op,46465,12408,33036,1.41,,,274.48,34057
20210615,JPST,JPMorgan Ultra-Short Income ET,850000,836337,2537375,1,,,1.63,13663
20210615,JULZ,TrueShares Structured Outcome,100,100,158,1,,,0,0
20210615,JUNZ,TrueShares Structured Outcome,6022,0,16560,1,,,100,6022
20210615,KAPR,Innovator Russell 2000 Power B,6031,34614,8029,1,,R,-82.58,-28583
20210615,KJAN,Innovator Russell 2000 Power B,3260,2775,5173,1,,,17.48,485
20210615,KJUL,Innovator Russell 2000 Power B,1294,1659,1411,1,,R,-22,-365
20210615,KNG,FT Cboe Vest S&P 500 Dividend,30584,21612,31425,1,,R,41.51,8972
20210615,KOCT,Innovator Russell 2000 Power B,300,1753,6395,1,,,-82.89,-1453
20210615,KWT,iShares MSCI Kuwait ETF,9808,968,940,10.43,,R,913.22,8840
20210615,LEAD,Siren DIVCON Leaders Dividend,7834,7714,1382,5.67,,,1.56,120
20210615,LIV,Emles @Home ETF,7,0,279,1,,,100,7
20210615,LKOR,FlexShares Credit-Scored US Lo,1947,1122,5338,1,,,73.53,825
20210615,LQDI,iShares Inflation Hedged Corpo,3370,3026,9011,1,,,11.37,344
20210615,LSLT,Pacer Salt Low truBeta US Mark,6,6,66,1,,,0,0
20210615,LUXE,Emles Luxury Goods ETF,11522,2,6040,1.91,,,576000,11520
20210615,LVHI,Legg Mason International Low V,24374,20617,12258,1.99,,,18.22,3757
20210615,LYFE,2ndVote Life Neutral Plus ETF,2174,15501,4431,1,,R,-85.98,-13327
20210615,MAGA,Point Bridge GOP Stock Tracker,7968,18330,3269,2.44,,,-56.53,-10362
20210615,MAMB,Monarch Ambassador Income ETF,33702,11562,5954,5.66,,,191.49,22140
20210615,MARZ,TrueShares Structured Outcome,531,0,1144,1,,,100,531
20210615,MAYZ,TrueShares Structured Outcome,2576,316,2150,1.2,,,715.19,2260
20210615,MBBB,VanEck Vectors Moody's Analyti,69,91,80,1,,,-24.18,-22
20210615,MBCC,Monarch Blue Chips Core ETF,6539,32415,3828,1.71,,R,-79.83,-25876
20210615,MBND,SPDR Nuveen Municipal Bond ETF,2192,100,2674,1,,,2092,2092
20210615,MEAR,BlackRock Short Maturity Munic,28371,15209,25077,1.13,,,86.54,13162
20210615,MFMS,MFAM Small-Cap Growth ETF,8454,2656,21785,1,,R,218.3,5798
20210615,MINN,Mairs & Power Minnesota Munici,4281,3328,5202,1,,,28.64,953
20210615,MLN,VanEck Vectors Long Muni ETF,3422,177571,67981,1,,R,-98.07,-174149
20210615,MOAT,VanEck Vectors Morningstar Wid,157627,197250,430572,1,,,-20.09,-39623
20210615,MOTI,VanEck Vectors Morningstar Int,6244,24095,7350,1,,,-74.09,-17851
20210615,MPRO,Monarch ProCap ETF,21707,7747,11449,1.9,,R,180.2,13960
20210615,MRGR,ProShares Merger ETF,30547,14745,4874,6.27,,,107.17,15802
20210615,MRSK,Toews Agility Shares Managed R,3,4,1124,1,,R,-25,-1
20210615,MSTB,LHA Market State Tactical Beta,32101,12409,45251,1,,,158.69,19692
20210615,MSVX,LHA Market State Alpha Seeker,7819,8256,20919,1,,R,-5.29,-437
20210615,MTUM,iShares MSCI USA Momentum Fact,816585,1043985,820016,1,,R,-21.78,-227400
20210615,NAPR,Innovator Nasdaq-100 Power Buf,1674,18392,3285,1,,,-90.9,-16718
20210615,NEAR,BlackRock Short Maturity Bond,413152,292037,528690,1,,,41.47,121115
20210615,NJAN,Innovator Nasdaq-100 Power Buf,12178,16877,5070,2.4,,R,-27.84,-4699
20210615,NJUL,Innovator Nasdaq-100 Power Buf,109,1,2043,1,,,10800,108
20210615,NOBL,ProShares S&P 500 Dividend Ari,126280,78428,346999,1,,,61.01,47852
20210615,NOCT,Innovator Nasdaq-100 Power Buf,316,332,1760,1,,,-4.82,-16
20210615,NUDM,Nuveen ESG International Devel,6155,62706,19258,1,,,-90.18,-56551
20210615,NUEM,Nuveen ESG Emerging Markets Eq,50086,12211,30705,1.63,,,310.17,37875
20210615,NULC,Nuveen ESG Large-Cap ETF,407,2712,1189,1,,,-84.99,-2305
20210615,NULG,Nuveen ESG Large-Cap Growth ET,15400,21984,77178,1,,R,-29.95,-6584
20210615,NULV,Nuveen ESG Large-Cap Value ETF,25919,14151,107122,1,,R,83.16,11768
20210615,NUMG,Nuveen ESG Mid-Cap Growth ETF,31914,16838,17592,1.81,,R,89.54,15076
20210615,NUMV,Nuveen ESG Mid-Cap Value ETF,31104,35396,34988,1,,R,-12.13,-4292
20210615,NURE,Nuveen Short-Term REIT ETF,9357,13590,17078,1,,R,-31.15,-4233
20210615,NUSC,Nuveen ESG Small-Cap ETF,116682,57381,91307,1.28,,R,103.35,59301
20210615,NVMZ,TrueShares Structured Outcome,13,1,262,1,,,1200,12
20210615,OCTZ,TrueShares Structured Outcome,80,80,15,5.33,,,0,0
20210615,OEUR,OShares Europe Quality Dividen,29774,1652,8813,3.38,,,1702.3,28122
20210615,OGIG,OShares Global Internet Giants,3939,17946,71911,1,,,-78.05,-14007
20210615,OILK,ProShares K-1 Free Crude Oil S,13701,25447,51686,1,,R,-46.16,-11746
20210615,OMFL,Invesco Russell 1000 Dynamic M,69783,28207,95747,1,,,147.4,41576
20210615,OMFS,Invesco Russell 2000 Dynamic M,23774,7569,16497,1.44,,R,214.1,16205
20210615,OSCV,Opus Small Cap Value ETF,13389,26760,11754,1.14,,R,-49.97,-13371
20210615,OUSA,OShares U.S. Quality Dividend,56189,28390,44796,1.25,,,97.92,27799
20210615,OUSM,OShares U.S. Small-Cap Quality,32725,15830,12018,2.72,,R,106.73,16895
20210615,PAPR,Innovator S&P 500 Power Buffer,10212,60938,102693,1,,,-83.24,-50726
20210615,PAUG,Innovator S&P 500 Power Buffer,201,201,9817,1,,,0,0
20210615,PAVE,Global X U.S. Infrastructure D,131895,178540,1431005,1,,,-26.13,-46645
20210615,PAWZ,ProShares Pet Care ETF,134609,180967,35263,3.82,,R,-25.62,-46358
20210615,PBDM,Invesco PureBeta FTSE Develope,7403,7045,700,10.58,,,5.08,358
20210615,PBEE,Invesco PureBeta FTSE Emerging,8332,4359,892,9.34,,R,91.14,3973
20210615,PBND,Invesco PureBeta US Aggregate,912,1859,2793,1,,,-50.94,-947
20210615,PBSM,Invesco PureBeta MSCI USA Smal,8983,12846,3650,2.46,,R,-30.07,-3863
20210615,PBTP,Invesco PureBeta 0-5 Yr US TIP,6105,8081,70665,1,,R,-24.45,-1976
20210615,PBUS,Invesco PureBeta MSCI USA ETF,12589,22912,7117,1.77,,R,-45.05,-10323
20210615,PDEC,Innovator S&P 500 Power Buffer,149,0,33927,1,,,100,149
20210615,PEX,ProShares Global Listed Privat,4862,1864,2077,2.34,,,160.84,2998
20210615,PFEB,Innovator S&P 500 Power Buffer,13070,25564,18377,1,,,-48.87,-12494
20210615,PICK,iShares MSCI Global Metals & M,659517,395560,356149,1.85,,,66.73,263957
20210615,PJAN,Innovator S&P 500 Power Buffer,8850,7317,19829,1,,,20.95,1533
20210615,PJUL,Innovator S&P 500 Power Buffer,411,2521,7177,1,,,-83.7,-2110
20210615,PJUN,Innovator S&P 500 Power Buffer,104117,56121,202390,1,,R,85.52,47996
20210615,PLRG,Principal U.S. Large-Cap Adapt,397107,158,69966,5.68,,,251233.54,396949
20210615,PMAY,Innovator S&P 500 Power Buffer,58529,36658,20925,2.8,,R,59.66,21871
20210615,PNOV,Innovator S&P 500 Power Buffer,1596,3972,9381,1,,,-59.82,-2376
20210615,POCT,Innovator S&P 500 Power Buffer,59,3869,18273,1,,,-98.48,-3810
20210615,PRNT,The 3D Printing ETF,174974,178588,86960,2.01,,R,-2.02,-3614
20210615,PSCW,Pacer Swan SOS Conservative (A,498,987,392,1.27,,,-49.54,-489
20210615,PSCX,Pacer Swan SOS Conservative (D,2353,301,242,9.72,,R,681.73,2052
20210615,PSEP,Innovator S&P 500 Power Buffer,3942,4361,107046,1,,,-9.61,-419
20210615,PSFD,Pacer Swan SOS Flex (December),662,614,24,27.58,,,7.82,48
20210615,PSFF,Pacer Swan SOS Fund of Funds E,8724,5795,7477,1.17,,,50.54,2929
20210615,PSFM,Pacer Swan SOS Flex (April) ET,16111,12599,298,54.06,,,27.88,3512
20210615,PSMB,Invesco Balanced Multi-Asset A,20516,4713,7723,2.66,,,335.31,15803
20210615,PSMC,Invesco Conservative Multi-Ass,8227,6743,3609,2.28,,,22.01,1484
20210615,PSMD,Pacer Swan SOS Moderate (Decem,18048,18048,0,999.99,,,0,0
20210615,PSMG,Invesco Growth Multi-Asset All,9505,7229,5790,1.64,,,31.48,2276
20210615,PSMM,Invesco Moderately Conservativ,373,16538,8385,1,,,-97.74,-16165
20210615,PSMR,Pacer Swan SOS Moderate (April,6955,6673,1149,6.05,,R,4.23,282
20210615,PTLC,Pacer Trendpilot US Large Cap,2674,6372,115183,1,,,-58.04,-3698
20210615,PTMC,Pacer Trendpilot US Mid Cap ET,4746,12778,31638,1,,R,-62.86,-8032
20210615,PTNQ,Pacer Trendpilot 100 ETF,1358,6665,34506,1,,,-79.62,-5307
20210615,PWS,Pacer WealthShield ETF,33346,50617,4254,7.84,,R,-34.12,-17271
20210615,PXUS,Principal International Adapti,75005,0,93355,1,,,100,75005
20210615,QCON,American Century Quality Conve,408,243,493,1,,,67.9,165
20210615,QDEC,FT Cboe Vest Growth-100 Buffer,11167,25080,12392,1,,,-55.47,-13913
20210615,QLC,FlexShares US Quality Large Ca,8735,1744,6178,1.41,,,400.86,6991
20210615,QMAR,FT Cboe Vest Growth-100 Buffer,8129,32827,7989,1.02,,,-75.24,-24698
20210615,QMOM,Alpha Architect U.S. Quantitat,15390,25650,12000,1.28,,R,-40,-10260
20210615,QPFF,American Century Quality Prefe,13960,7832,1265,11.04,,,78.24,6128
20210615,QTAP,Innovator Growth Accelerated P,22111,2800,5766,3.83,,R,689.68,19311
20210615,QUAL,iShares MSCI USA Quality Facto,402500,262155,943177,1,,,53.54,140345
20210615,QVAL,Alpha Architect U.S. Quantitat,11352,13372,16631,1,,,-15.11,-2020
20210615,RDFI,Rareview Dynamic Fixed Income,41888,17778,17236,2.43,,R,135.62,24110
20210615,REC,Emles Real Estate Credit ETF,161,161,1852,1,,,0,0
20210615,REGL,ProShares S&P MidCap 400 Divid,15435,7912,33745,1,,,95.08,7523
20210615,REM,iShares Mortgage Real Estate E,698625,875321,458637,1.52,,R,-20.19,-176696
20210615,RESD,WisdomTree International ESG F,474,1227,263,1.8,,,-61.37,-753
20210615,RESE,WisdomTree Emerging Markets ES,872,815,2369,1,,R,6.99,57
20210615,RODE,Hartford Multifactor Diversifi,354,147,304,1.16,,,140.82,207
20210615,RODI,iPath Return on Disability ETN,117,116,10,11.7,,,0.86,1
20210615,ROMO,Strategy Shares Newfound/ReSol,7167,7836,2939,2.44,,R,-8.54,-669
20210615,RSX,VanEck Vectors Russia ETF,4595370,7191119,3738502,1.23,,R,-36.1,-2595749
20210615,RSXJ,VanEck Vectors Russia Small-Ca,9898,7798,9265,1.07,,,26.93,2100
20210615,RTAI,Rareview Tax Advantaged Income,7329,2420,8061,1,,,202.85,4909
20210615,RYLD,Global X Russell 2000 Covered,48024,27159,207207,1,,R,76.83,20865
20210615,SECT,Main Sector Rotation ETF,27705,5726,63158,1,,R,383.85,21979
20210615,SFHY,WisdomTree U.S. Short Term Hig,2021,1870,1218,1.66,,,8.07,151
20210615,SFIG,WisdomTree U.S. Short Term Cor,5185,1699,4035,1.29,,R,205.18,3486
20210615,SHAG,WisdomTree Yield Enhanced U.S.,18223,19773,13516,1.35,,R,-7.84,-1550
20210615,SHYD,VanEck Vectors Short High Yiel,198624,81317,94390,2.1,,R,144.26,117307
20210615,SLT,Pacer Salt High truBeta US Mar,14,14,197,1,,,0,0
20210615,SLVP,iShares MSCI Global Silver and,45478,166994,140750,1,,R,-72.77,-121516
20210615,SMB,VanEck Vectors Short Muni ETF,57900,19445,68017,1,,,197.76,38455
20210615,SMDV,ProShares Russell 2000 Dividen,33807,29200,35095,1,,R,15.78,4607
20210615,SMIN,iShares MSCI India Small-Cap E,327027,116489,63968,5.11,,R,180.74,210538
20210615,SMMD,iShares Russell 2500 ETF,14593,831,29348,1,,,1656.08,13762
20210615,SMMV,iShares MSCI USA Small-Cap Min,16109,5605,59378,1,,,187.4,10504
20210615,SPMV,Invesco S&P 500 Minimum Varian,4816,6353,4755,1.01,,,-24.19,-1537
20210615,STLC,iShares Factors US Blend Style,422,112,3799,1,,,276.79,310
20210615,STLG,iShares Factors US Growth Styl,14,23,340,1,,,-39.13,-9
20210615,STLV,iShares Factors US Value Style,1417,18,1362,1.04,,,7772.22,1399
20210615,STMB,iShares Factors US Mid Blend S,22,222,22,1,,,-90.09,-200
20210615,STOT,SPDR DoubleLine Short Duration,1743,11675,7208,1,,R,-85.07,-9932
20210615,STSB,iShares Factors US Small Blend,2,2,329,1,,,0,0
20210615,SVAL,iShares US Small Cap Value Fac,23275,39562,33943,1,,,-41.17,-16287
20210615,SVXY,ProShares Short VIX Short-Term,1094975,994825,3303662,1,,R,10.07,100150
20210615,SYLD,Cambria Shareholder Yield ETF,97571,21802,86494,1.13,,,347.53,75769
20210615,TAEQ,Trend Aggregation U.S. ETF,85,0,3607,1,,,100,85
20210615,TAIL,Cambria Tail Risk ETF,36022,56788,139408,1,,R,-36.57,-20766
20210615,TBJL,Innovator 20+ Year Treasury Bo,10950,10604,1560,7.02,,R,3.26,346
20210615,TCTL,Premise Capital Diversified Ta,1036,0,966,1.07,,,100,1036
20210615,TDV,ProShares S&P Technology Divid,5709,2681,10965,1,,R,112.94,3028
20210615,TEGS,Trend Aggregation ESG ETF,235,235,1061,1,,,0,0
20210615,TFIV,Global X TargetIncome 5 ETF,72,3463,1077,1,,,-97.92,-3391
20210615,TFJL,Innovator 20+ Year Treasury Bo,2347,2561,1346,1.74,,R,-8.36,-214
20210615,TFLT,Global X TargetIncome Plus 2 E,3626,3299,4943,1,,,9.91,327
20210615,THY,Toews Agility Shares Dynamic T,1408,449,5141,1,,,213.59,959
20210615,TILT,FlexShares Morningstar US Mark,586,198,18669,1,,,195.96,388
20210615,TMAT,Main Thematic Innovation ETF,15896,16831,12631,1.26,,R,-5.56,-935
20210615,TMDV,ProShares Russell US Dividend,1114,3757,1038,1.07,,R,-70.35,-2643
20210615,TMFC,Motley Fool 100 Index ETF,24177,28972,26201,1,,R,-16.55,-4795
20210615,TOKE,Cambria Cannabis ETF,5960,18823,11350,1,,,-68.34,-12863
20210615,TRTY,Cambria Trinity ETF,1597,439,7577,1,,,263.78,1158
20210615,TSJA,Innovator Triple Stacker ETF -,5420,2927,2196,2.47,,R,85.17,2493
20210615,TSOC,Innovator Triple Stacker ETF -,2154,5372,3223,1,,R,-59.9,-3218
20210615,TTAC,TrimTabs US Free Cash Flow Qua,409,1598,22997,1,,R,-74.41,-1189
20210615,UAPR,Innovator S&P 500 Ultra Buffer,9863,11854,3187,3.09,,,-16.8,-1991
20210615,UDEC,Innovator S&P 500 Ultra Buffer,1549,1549,888,1.74,,,0,0
20210615,UFEB,Innovator S&P 500 Ultra Buffer,316,6721,2868,1,,,-95.3,-6405
20210615,UJAN,Innovator S&P 500 Ultra Buffer,19250,11245,5611,3.43,,R,71.19,8005
20210615,UJUL,Innovator S&P 500 Ultra Buffer,8748,14931,5986,1.46,,R,-41.41,-6183
20210615,UJUN,Innovator S&P 500 Ultra Buffer,38717,646332,37209,1.04,,,-94.01,-607615
20210615,UMAR,Innovator S&P 500 Ultra Buffer,8390,8468,994,8.44,,,-0.92,-78
20210615,UMAY,Innovator S&P 500 Ultra Buffer,8095,44728,5292,1.53,,R,-81.9,-36633
20210615,UNOV,Innovator S&P 500 Ultra Buffer,0,20,1286,0,,R,-100,-20
20210615,UOCT,Innovator S&P 500 Ultra Buffer,43,0,4199,1,,,100,43
20210615,USEQ,Invesco Russell 1000 Enhanced,1905,1694,1272,1.5,,,12.46,211
20210615,USHY,iShares Broad USD High Yield C,5029726,6288712,1265080,3.98,,R,-20.02,-1258986
20210615,USMF,WisdomTree U.S. Multifactor Fu,22060,12519,11105,1.99,,,76.21,9541
20210615,USMV,iShares MSCI USA Min Vol Facto,3689000,5694372,2764251,1.33,,R,-35.22,-2005372
20210615,UVXY,ProShares Ultra VIX Short-Term,4699990,3315449,13256159,1,,,41.76,1384541
20210615,VAMO,Cambria Value and Momentum ETF,8864,4390,20993,1,,,101.91,4474
20210615,VCEB,Vanguard ESG U.S. Corporate Bo,21686,21758,15126,1.43,,,-0.33,-72
20210615,VFLQ,Vanguard U.S. Liquidity Factor,2072,1569,1111,1.86,,,32.06,503
20210615,VFMF,Vanguard U.S. Multifactor ETF,1420,576,4400,1,,,146.53,844
20210615,VFMO,Vanguard U.S. Momentum Factor,7611,1254,8789,1,,R,506.94,6357
20210615,VFMV,Vanguard U.S. Minimum Volatili,343,186,2085,1,,,84.41,157
20210615,VFQY,Vanguard U.S. Quality Factor E,1141,55,7156,1,,,1974.55,1086
20210615,VFVA,Vanguard U.S. Value Factor ETF,16128,22761,29155,1,,R,-29.14,-6633
20210615,VIXM,ProShares VIX Mid-Term Futures,23607,29109,44665,1,,R,-18.9,-5502
20210615,VIXY,ProShares VIX Short-Term Futur,869300,911309,3219635,1,,R,-4.61,-42009
20210615,VLUE,iShares MSCI USA Value Factor,897278,136591,885730,1.01,,R,556.91,760687
20210615,VMOT,Alpha Architect Value Momentum,5022,3579,5284,1,,R,40.32,1443
20210615,VNM,VanEck Vectors Vietnam ETF,321314,445813,231759,1.39,,R,-27.93,-124499
20210615,VSGX,Vanguard ESG International Sto,100868,74163,120231,1,,R,36.01,26705
20210615,VUSB,Vanguard Ultra-Short Bond ETF,51379,18243,392293,1,,,181.64,33136
20210615,VWID,Virtus WMC International Divid,964,1392,1724,1,,,-30.75,-428
20210615,VXX,iPath Series B S&P 500 VIX Sho,17439296,14016575,20039733,1,,R,24.42,3422721
20210615,VXZ,iPath Series B S&P 500 VIX Mid,61915,60720,17914,3.46,,R,1.97,1195
20210615,WDNA,WisdomTree BioRevolution Fund,1039,0,7874,1,,,100,1039
20210615,WFHY,WisdomTree U.S. High Yield Cor,3490,4117,13403,1,,,-15.23,-627
20210615,WFIG,WisdomTree U.S. Corporate Bond,3415,871,2939,1.16,,,292.08,2544
20210615,WIL,iPath Women in Leadership ETN,68,87,57,1.19,,R,-21.84,-19
20210615,WLDR,Affinity World Leaders Equity,972,5399,8949,1,,R,-82,-4427
20210615,WUGI,Esoterica NextG Economy ETF,136,116,4910,1,,,17.24,20
20210615,XBAP,Innovator U.S. Equity Accelera,7393,20879,6040,1.22,,R,-64.59,-13486
20210615,XDAP,Innovator U.S. Equity Accelera,3259,12824,1860,1.75,,R,-74.59,-9565
20210615,XDAT,Franklin Exponential Data ETF,10614,3380,1097,9.68,,,214.02,7234
20210615,XDQQ,Innovator Growth Accelerated E,14591,18076,3581,4.07,,R,-19.28,-3485
20210615,XDSQ,Innovator U.S. Equity Accelera,494,835,646,1,,R,-40.84,-341
20210615,XJH,iShares ESG Screened S&P Mid-C,1581,1322,7886,1,,,19.59,259
20210615,XJR,iShares ESG Screened S&P Small,9508,244,3929,2.42,,,3796.72,9264
20210615,XMPT,VanEck Vectors CEF Municipal I,7846,55948,96958,1,,R,-85.98,-48102
20210615,XSHD,Invesco S&P SmallCap High Divi,1732,3792,6597,1,,,-54.32,-2060
20210615,XSHQ,Invesco S&P SmallCap Quality E,889,710,2742,1,,R,25.21,179
20210615,XTAP,Innovator U.S. Equity Accelera,2968,3721,2370,1.25,,R,-20.24,-753
20210615,XVV,iShares ESG Screened S&P 500 E,9702,11217,8995,1.08,,,-13.51,-1515
20210615,XVZ,iPath S&P 500 Dynamic VIX ETN,1339,2022,3999,1,,,-33.78,-683
20210615,YDEC,FT Cboe Vest International Equ,3433,3499,997,3.44,,,-1.89,-66
20210615,YMAR,FT Cboe Vest International Equ,2773,15369,10251,1,,,-81.96,-12596
20210615,YPS,Arrow Reverse Cap 500 ETF,7160,18568,4790,1.49,,,-61.44,-11408
